Project:ID,Project:Name,Project:Is archived,Project:Is public,Project:File count
281460,1212 Movement and wintering areas of Aleutian auklets (Aethia spp.),—,[object Object],329
372261,1226 Crowdsourcing large-scale environmental data recovery,—,[object Object],6
281515,1302 Bering-Chukchi transport pathways,—,[object Object],399
281524,1303 High through-put sequencing of Arctic benthic meiofauna,—,[object Object],314
281542,1305 Abundance and movement of Steller sea lion groundfish prey,—,[object Object],11
281551,1306 Connectivity of Prince William Sound Pacific cod to the GOA,—,[object Object],17
281560,1307 Scallop benthic communities,—,[object Object],1
281587,1310 LHX2,—,[object Object],5
281641,1320 Automated image processing of stero images,—,[object Object],1
281659,1322 Large-scale data recovery for the North Pacific - Arctic,—,[object Object],4
281668,1323 Graying of the fleet,—,[object Object],5
281677,1401 Improving stock assessments for rockfishes,—,[object Object],9
281687,1402 Red king crab larval advection in Bristol Bay,—,[object Object],103
281696,1403 Environmental effects on gadid eggs an larvae in Alaska,—,[object Object],11
281705,1404 Skate nursuries as unique habitats in the eastern Bering Sea,—,[object Object],26
281714,1405 Trophic interactions between jellyfish and fish,—,[object Object],17
281741,1408 Seabirds and Bering Sea ecological change,—,[object Object],1
281750,1409 Breeding/non-breeding foraging ecology of red-legged kittiwakes,—,[object Object],14
281759,1410 Looking into the Bering Sea's past through seabird feathers,—,[object Object],2
281768,1411 Influenza evolution in synanthropic gulls,—,[object Object],3
281777,1412 Yukon River patterns and trends,—,[object Object],15
281786,1413 Value of salmon,—,[object Object],33
281795,1414 Copper River salmon blitz,—,[object Object],4
281804,1415 Coastal community ocean observers (C2O2),—,[object Object],732
281822,1417 Using cell-cycle analysis to measure growth of fish larvae,—,[object Object],4
281831,1418 LHX2 sensor development,—,[object Object],2
281840,1419 Framework for mobile development of ZOOVIS and DIDSON,—,[object Object],92
281849,1420 Rescuing marine mammal specimens at the University of Alaska,—,[object Object],1
281858,1421 Historical sea ice mapping project,—,[object Object],3
281867,1422 AYK Chinook salmon egg thiamine exploration,—,[object Object],2
281876,1423 Defining critical periods for YK Chinook,—,[object Object],855
281885,1424 Fitness-based habitat models for Chinook salmon,—,[object Object],25
302403,1425 North Pacific CPR,—,[object Object],—
302408,Chukchi Ecosystem Observatory (CEO),—,[object Object],212338
302413,1427 Seward Line,—,[object Object],—
268977,1501 Acoustic assessment of euphausiid ('krill') abundance,—,[object Object],7
268979,1502 PWS Secondary Production,—,[object Object],1218
268981,1503 Tracing sea ice algae using IP25,—,[object Object],19
268983,1504 Chukchi Sea Ice Melt,—,[object Object],54
268985,1505 Cod size at age,—,[object Object],6
268987,1506 Crustacean Age Determination,—,[object Object],6
268989,1507 Combined bottom trawl and acoustic-trawl survey catchability,—,[object Object],112
268991,1508 Arctic Gadids in a Changing Climate,—,[object Object],205
268993,1509 Spatial response of northeast Pacific groundfish to anomalous warming in 2015,—,[object Object],20
268995,1510 Halibut survival for trawlers using alternative handling methods,—,[object Object],169
268997,1511 Bering Strait marine mammal acoustic monitoring,—,[object Object],200
268999,1512 Steller sea lion habitat modeling,—,[object Object],3
269001,1513 Protein and fat dynamics of polar bears,—,[object Object],5
269003,1514 Genetics of North Pacific bearded seals,—,[object Object],3
269005,1515 Glider based Arctic marine mammal monitoring,—,[object Object],4
269007,1516 Abundance of Bristol Bay beluga whales,—,[object Object],3
269009,1517 New methods for modeling seabird populations,—,[object Object],22
269011,1518 Effects of salinity on eider ducklings,—,[object Object],6
269013,1519 Social and ecological resilience in a Gulf of Alaska community,—,[object Object],39
269015,1520 Adaptation to Environmental Change in Three Aleutian Island Communities,—,[object Object],210
269017,"1521 Northern Alaska Sea Ice Project Jukebox, Phase II",—,[object Object],4
269019,1522 The effects of dispersants and dispersed oil on mussels,—,[object Object],11
269021,1523 The Pervasive Invasive: Assessing the Risk of Marine Invasive Species in the Bering Sea,—,[object Object],15
269023,1524 Investigating causes of decline of the Klawock Lake sockeye salmon population,—,[object Object],9
269025,1525 Automated Fish Measuring System,—,[object Object],139
269027,1526 Stock Structure of Aleutian Island Golden King Crab,—,[object Object],7
269029,1527 Environmental DNA (eDNA) analyses as a fisheries survey tool,—,[object Object],70
269031,1528 Assessing reproductive histories using pinniped whiskers,—,[object Object],5
269033,1529 Tracking marine fish with a payload-controlled AUV,—,[object Object],1059
269035,1530 Citizen science OCR,—,[object Object],2
269037,1531 Construction of a fish health and body composition analyzer,—,[object Object],4
269039,1532 Historical data recovery,—,[object Object],4
269041,1533 GOAIERP synthesis,—,[object Object],5
1816098,1601 Extreme Alaska,—,[object Object],83
1816117,1602 Physical drivers influencing net marine community production,—,[object Object],24
1816142,1603 North Pacific Crab Growth,—,[object Object],5
1816156,1604 Improving Aleutian Islands Bathymetry,—,[object Object],8
1816176,"1605 Bering Sea flatfish age, growth, and maturity modeling",—,[object Object],7
1816195,1606 Remote Sensing of Razor Clams,—,[object Object],1016
1816216,1607 Reducing the prohibited species catch of Pacific halibut,—,[object Object],76
1816239,1608 Pribilof Islands blue king crab recruitment limitation,—,[object Object],524
1816257,1609 Qualitative approaches for evaluating blue king crab management,—,[object Object],12
1816283,1610 Bowhead Whale Source Levels,—,[object Object],3
1816303,1611 Fecal hormones in Otariids,—,[object Object],9
1816317,1612 Migration and carry-over effects in Arctic seabirds,—,[object Object],55
1816335,1613 Local and traditional knowledge of Alaska coastal ecosystems,—,[object Object],9
1816353,1614 Iñupiaq Knowledge of Polar Bears in the Southern Beaufort Sea,—,[object Object],21
1816378,1615 Pteropods as indicators in the high latitudinal environment,—,[object Object],8
1816396,1616 Community Based PSP Testing for Shellfish,—,[object Object],36
1816421,1617 CONAS,—,[object Object],3
2509648,1618 Genetic population structure of seaweeds in Alaska,—,—,—
1816443,1618 Genetic population structure of seaweeds in Alaska,—,[object Object],16
1816459,1619 RRS of pink salmon in PWS,—,[object Object],3
1816475,1620 VitaLink: satellite tag data recovery,—,[object Object],2
1816489,1621 Removing invasive Didemnum vexillum,—,[object Object],9
1816511,1622 ADF&G Data Rescue and Dissemination,[object Object],[object Object],112
1803847,Common Murre Mortality Analysis,—,—,—
1800750,Data Archive,—,—,—
2531866,New integrated modeling tools to improve monitoring and demographic analyses,—,—,1
365872,0201 Pilot nearshore habitat mapping using acoustic and visual techniques,—,[object Object],221
367633,0202 Application of new sonar technology to reducing salmon bycatch in pollock fisheries ,—,[object Object],10
370289,0203 Continuation of long-term observations on Bering Sea shelf: biophysical moorings at sites 2 and 4,—,[object Object],27
367646,0204 North Pacific Anadromous Fish Commission Salmon Tagging,—,[object Object],7
368673,0205 Genetic stock identification of western Alaska sockeye salmon,—,[object Object],20
368682,0206 Integration of marine bird and mammal observations with the continuous plankton recorder program,—,[object Object],11
366592,0207 Detecting change in the Bering Sea ecosystem,—,[object Object],350
368695,0208 Environmental cues for herring spawning,—,[object Object],16
367610,0209 Two species of rougheye rockfishes in the northern Gulf of Alaska,—,[object Object],89
367626,0210 Nutritional quality of Alaskan fish for predators,—,[object Object],—
366876,0211 Sinking particles/pelagic food webs in the SE Bering Sea,—,[object Object],7
367581,0301 Evaluation of emergent structure in low-relief benthic habitats as a criterion for defining the essential fish habitat of juvenile North Pacific...,—,[object Object],6
366511,0302 A continuous plankton recorder survey of the North Pacific and southern Bering Sea ,—,[object Object],1
366835,"0303 North Pacific Anadromous Fish Commission Cooperative Research: Use of genetic stock identification to determine the distribution, migration, ear...",—,[object Object],114
367700,0304 Deep sea coral distribution and habitat in the Aleutian Archipelago ,—,[object Object],8
367529,0305 Monitoring and modeling predator-prey relationships ,—,[object Object],89
367731,"0306 Species identity and life history of Hematodinium, the causative agent of bitter crab syndrome in Northeast Pacific snow (opilio) and Tanner (ba...",—,[object Object],7
367545,0307 Bering Sea right whales: ongoing research and public outreach,—,[object Object],9
367766,0308 Forage fishes in the western Gulf of Alaska: variation in productivity ,—,[object Object],39
367784,0309 Sperm whale and longline fisheries interactions in the Gulf of Alaska ,—,[object Object],3
367555,0310 Estuaries as essential fish habitat for salmonids: assessing residence time and habitat use of coho and sockeye salmon in Alaska estuaries,—,[object Object],5
367572,"0311 Establishing a statewide data warehouse of salmon size, age and growth records ",—,[object Object],1
368471,0312 Ice seal bio-monitoring in the Bering-Chukchi Sea region,—,[object Object],20
367511,0313 Effects of prey availability and predation risk on the foraging ecology and demography of harbor seals in Prince William Sound: development and ...,—,[object Object],86
367492,0314 Thermal habitat preferences of Pacific halibut and the potential influence of hydrographic variability on a local coastal fishery,—,[object Object],53
372223,0315 Continuation of long-term observations on the Bering Sea shelf: Biophysical moorings at sites 2 and 4,—,[object Object],33
368508,"0316 Essential fish habitat for blue king crab, Phase 1: Development of cultivation techniques for blue king crab larvae ",—,[object Object],2
372207,0317 Pre-season forecast of Bristol Bay sockeye salmon migration timing based on oceanographic and biological variables ,—,[object Object],13
366461,"0318 Pilot project for development of comprehensive baseline commercial fishing community engagement and dependency profiles for the Bering Sea, Aleu...",—,[object Object],18
372253,0319 Retrospective study of pigmented macrophage aggregates as markers of Pacific herring population health,—,[object Object],3
367463,0320 Regime forcing and ecosystem response in the Bering Sea (ReFER): Phase II,—,[object Object],40
368419,"0321 Evaluation of alternative hypotheses to explain the collapse of the Kvichak sockeye salmon: a project to catalyze a comprehensive, hypotheses-dr...",—,[object Object],9
367863,0322 Spatial and temporal interactions between endangered short-tailed albatrosses and North Pacific commercial fisheries ,—,[object Object],2
368437,0324 Bering Sea wintering grounds of beluga whales,—,[object Object],7
365899,0325 Video monitoring aboard Bering Sea factory trawlers - a pilot study,—,[object Object],1
367480,0326 Enhancing rural high school involvement in North Pacific resource issues through participation in Alaska Regional National Ocean Sciences Bowl,—,[object Object],1
366467,"0327 Early marine ecology of juvenile chum salmon in Kuskokwim Bay, Alaska",—,[object Object],11
367389,0401 Survey strategies for assessment of Bering Sea forage species,—,[object Object],1967
367853,0402 Evaluation of ocean circulation models for the Bering Sea and Aleutian Islands Region,—,[object Object],1
367429,0403 Building an education and outreach program for the North Pacific Research Board,—,[object Object],1
367440,0404 Alaska Marine Information System,—,[object Object],1
367313,0406 Synthesis of marine biology and oceanography of southeast Alaska,—,[object Object],1
368460,"0407 Kelp-grazer interactions in Kachemak Bay, Alaska: grazing activity, chemical defenses and resource allocation",—,[object Object],6
367367,0409 Integration of marine bird and mammal observations with the Pacific continuous plankton recorder (CPR) program: temporal variability in ecosyste...,—,[object Object],814
370330,0410 Long-term observations on the Bering Sea shelf (2004-2005): biophysical moorings at sites 2 and 4 as sentinels for ecosystem change,—,[object Object],3
367266,0411 Investigations into dietary specialization of killer whales in the Bering Sea and Aleutian Islands,—,[object Object],8
366662,0412 Sperm Whale and longline fisheries interactions in the Gulf of Alaska - passive acoustic component ,—,[object Object],1
367282,0413 Tufted puffins as biological indicators of forage fish availability in the western Gulf of Alaska,—,[object Object],10
366488,0414 Seasonal foraging strategies and consequences for Northern Fur Seals at Colonies with opposite population trends ,—,[object Object],13
367301,0415 Investigations of a skate nursery area in the eastern Bering Sea,—,[object Object],6
368705,0416 Determining the ecological value of habitat to juvenile rockfish in the Aleutian Islands,—,[object Object],23
368723,"0417 Reproductive ecology of Atka mackerel, Pleurogrammus monopterygius, in Alaska",—,[object Object],9
366887,"0418 Abundance, life history, and population demographics of Spiny Dogfish, Squalus acanthias",—,[object Object],1
366501,0419 Modeling of multispecies groundfish interactions in the eastern Bering Sea,—,[object Object],19
367247,0420 Interannual and spatial variation in population genetic composition of northeastern Gulf of Alaska young-of-the-year Pacific ocean perch,—,[object Object],2
368487,0421 Identification of polybrominated diphenyl ethers (PBDEs) in sediments and biota in a pristine southeast Alaska watershed and near a municipal wa...,—,[object Object],6
367225,0422 Ecological implications of fisheries-based economical development in Nelson Lagoon: Steller's Eider critical habitat,—,[object Object],10
371532,"0423 An international market model for King, Tanner and Snow crab",—,[object Object],9
366927,0501 Harbor seal vital rates,—,[object Object],7
367687,0502 Integration of Ecological Indicators for the North Pacific with emphasis on the Bering Sea: A workshop Approach,—,[object Object],1
368744,0503 Arctic Ocean synthesis,—,[object Object],48
368500,0504 Analysis of ongoing salmon programs,—,[object Object],193
367158,0505 EBS walleye pollock: a spatially explicit model,—,[object Object],18
367174,0506 Pollock tagging mortality,—,[object Object],16
368768,"0507 Essential habitat for Pribilof Island Blue King Crab, phase 2",—,[object Object],14
367186,0508 Female reproductive output of snow crab in eastern Bering Sea,—,[object Object],13
367665,0509 Retrospective analysis of Kodiak Red King Crab,—,[object Object],106
367136,0510 Skate life history and demography,—,[object Object],10
366383,0511 Spiny dogfish in Alaska,—,[object Object],14
367149,"0512 Juvenile POP genetics, phase 2",—,[object Object],14
368783,0513 Winter movements of fur seal pups,—,[object Object],27
366409,0514 Consequences of Fur Seal foraging strategies,—,[object Object],19
366305,0515 Ice Seal movements,—,[object Object],24
366644,0516 Seabirds as indicators of marine ecosystems,—,[object Object],6
370317,0517 Sentinels for Bering Sea ecosystem change,—,[object Object],10
370581,0518 Bering Sea whales and oceanography,—,[object Object],4751
367112,0519 Bering Sea whale acoustics,—,[object Object],6
367125,0520 Gulf of Alaska Long-Term Observations,—,[object Object],2
366207,0521 A profiling echosounder for North Pacific monitoring,—,[object Object],1
370303,0522 Reproductive biology of Atka Mackerel,—,[object Object],13
366552,0523 Pollock recruitment and stock structure,—,[object Object],3260
368796,0524 Productivity of capelin and pollock,—,[object Object],39
366575,0525 Modeling multispecies groundfish interactions,—,[object Object],1
366945,0527 Evaluation of Sperm Whale deterrents,—,[object Object],1
366331,0528 Socioeconomic baseline information for the Pribilof Islands,—,[object Object],16
367089,0529 Valuation of habitat closures,—,[object Object],3892
367104,0530 Institutions for ecosystem-based management: Alaska,—,[object Object],1
367060,0531 Seabird-fish models,—,[object Object],13
367073,0532 Albatross habitat and fisheries interaction,—,[object Object],19
368813,0533 Safety evaluation of fisheries management,—,[object Object],10
368828,0534 Expanding the seabird tissue archival,—,[object Object],6
367033,0535 Dietary specialization of Killer Whales,—,[object Object],8
366971,0536 A continuous plankton recorder survey of the North Pacific and southern Bering Sea,—,[object Object],5
367052,0537 Building an education and outreach program for the North Pacific Research Board,—,[object Object],1
366977,0601 A continuous plankton recorder survey of the North Pacific and southern Bering Sea,—,[object Object],1
370341,0602 Sentinels for Bering Sea ecosystem change,—,[object Object],7
366802,0603 Gulf of Alaska Long-Term Observations,—,[object Object],95
367253,0604 Retrospective analyses of Norton Sound benthic fauna,—,[object Object],37
367829,0605 Modeling Pacific Cod Vital Rates in the Bering Sea,—,[object Object],819
368523,0606 limate and Variation in SEBS Jellyfish Populations,—,[object Object],11
368542,0607 Response of lower trophic production to climate change,—,[object Object],937
366432,0608 Response of Bering Sea Ecosystem to Climate,—,[object Object],461
368856,0609 Pelagic seabird distribution and climate change,—,[object Object],12
368875,0610 Selective mortality in pollock larvae,—,[object Object],14
367018,0611 North Pacific Ecosystem Structure,—,[object Object],4
368890,0612 COASST-Alaska,—,[object Object],23
368901,0614 Gulf of Alaska NPZ modeling,—,[object Object],1051
366785,0615 Marine Habitat Mapping Workshop,—,[object Object],1
366766,0616 Chiswell Ridge Habitat Mapping,—,[object Object],77
368558,0617 Halibut migration in BSAI,—,[object Object],90
368572,0618 Cod maturity in the Bering Sea,—,[object Object],13
366350,0619 Habitat connectivity during ontogeny,—,[object Object],151
366741,0620 Estimating movement rates of Pacific cod ,—,[object Object],19
368918,0621 GOA Skate Diet,—,[object Object],15
366369,0622 Seasonal predation by key Bering Sea and Gulf of Alaska fish,—,[object Object],51
368933,0623 Q-PCR to assess impacts of Hematodinium on Tanner crabs,—,[object Object],14
368955,0624 Larval snow crab transport and survival in the Bering Sea,—,[object Object],14615
368591,0625 Assessment of BB RKC Resource for Future Management,—,[object Object],12
366984,0626 Sperm Whale Depredation,—,[object Object],1905
366714,0627 Identifying life history characteristics of squid ,—,[object Object],18
366700,0628 Life history and demographics of large sculpins,—,[object Object],51
368606,0629 Maternal effects in Pacific Ocean Perch,—,[object Object],16
366725,0630 Food web linkages: Forage Fish in the Aleutian Archipelago,—,[object Object],21
368621,0631 Population structure of ringed seals,—,[object Object],22
370525,0632 Walruses in the Bering Sea,—,[object Object],29
370218,0633 Right whale habitat at multiple scales,—,[object Object],32
368640,0634 Bowhead whale genetic structure,—,[object Object],16
368985,0635 Isotopic comparison of cetacean muscle and epidermis,—,[object Object],13
368997,0636 Critical foraging habitat of lactating northern fur seals,—,[object Object],72
367813,0637 North Pacific Pelagic Seabird Program,—,[object Object],56
368658,0638 Auklet demography and climate variability,—,[object Object],110
366690,0639 Northern Fur Seal Law and Policy Issues,—,[object Object],1
366678,"0640 Community Profiles: Adak, St. George, St. Paul & Sand Point",—,[object Object],113
369008,0641 Trichinellosis of walrus and man in Chukchi Peninsula,—,[object Object],28
369025,0642 Forage Fish Prince William Sound Nearshore,—,[object Object],32
370212,0643 Bering Strait LTK,—,[object Object],106
369041,0644 Paralytic Shellfish Poison Monitoring in Aleut Region,—,[object Object],16
369054,0645 Subsistence Uses of Alaska Rockfish,—,[object Object],39
366633,0646 Steller Sea Lions in Alaska,—,[object Object],6
370350,0701 Sentinels for Ecosystem Change:  Long-term Biophysical Moorings on the Bering Sea Shelf (2007-2008),—,[object Object],31
366923,0702 Development and Testing of a Real-Time Ocean Data Transmitting Buoy for the Gulf of Alaska,—,[object Object],21
366914,0703 Education and Outreach for NPRB,—,[object Object],1
367011,0704 Developing the Alaska Marine Information System,—,[object Object],1
369066,0705 Trends in the Bering Sea Ice Cover,—,[object Object],5375
371616,0706 THE BERING-CHUKCHI QUIKSCAT WIND FIELD,—,[object Object],39
366287,0708 Gulf of Alaska LTOP,—,[object Object],94
369112,0709 Flatfish species-habitat association,—,[object Object],32
369134,0710 Potential trawl impacts upon flatfish nurseries,—,[object Object],23
369157,"0711 Unobserved, trawl-induced injuries to Bering Sea crabs",—,[object Object],210
369177,0712 Bycatch characterization in the Pacific halibut fishery ,—,[object Object],7
369206,0713 Snow crab growth with climate warming in the Bering Sea,—,[object Object],9
369222,0714 Reproductive potential of king and snow crabs,—,[object Object],12
369235,0715 Skate Life History and Demography,—,[object Object],8
369248,0716 Squid acoustics,—,[object Object],10
369259,0717 Sea otter decline,—,[object Object],65
370019,0718 Right whale breeding habitat in the Pacific Islands,—,[object Object],78
369963,0719 Analysis of Bering Sea data,—,[object Object],8
369277,0720 Migration of North Pacific Right Whales,—,[object Object],6
369294,0722 North Pacific Seabird Diet Database,—,[object Object],29
371649,0723 Short-tailed Albatross New Colony Establishment,—,[object Object],1
369325,0724 Diet assessment in threatened eiders,—,[object Object],7
369342,0725 Fisheries Rationalization and Crew,—,[object Object],6
369351,0726 Sediment Quality Triad Assessment in Kachemak Bay,—,[object Object],9
369375,0727 TBT contamination from shipping,—,[object Object],8
369386,0728 Herring Synthesis,—,[object Object],124
369403,0729 Nearshore Residency & Movements of Copper Rockfish & Lingcod,—,[object Object],10
369421,0730 Cooperative Aleutian Islands pollock survey,—,[object Object],46
366811,0731 Temperature data collections on BS groundfish vessels ,—,[object Object],7
369441,0732 COASST Alaska,—,[object Object],10
369940,0733 PICBOMP,—,[object Object],7
369448,0734 An Updated Hydrology Model for the Gulf of Alaska,—,[object Object],26
370500,0801 Seabird and marine mammals combined with CPR,—,[object Object],9
366942,0802 Education and Outreach for the North Pacific Research Board,—,[object Object],1
369454,0803 A Continuous Plankton Recorder Survey of the North Pacific and southern Bering Sea,—,[object Object],18
369462,0804 Seward Line Monitoring,—,[object Object],22
370004,0805 On-shelf transport of mesozooplankton in subarctic seas,—,[object Object],7589
371355,0806 Regional comparison of Euphausia pacifica fecundity,—,[object Object],9
369465,0808 Habitat and production of skate nursery sites ,—,[object Object],18648
369487,0809 Improved trawl survey for patchily-distributed rockfish  ,—,[object Object],22
369499,0810 Rockfish Assessment in Untrawlable Habitat,—,[object Object],24
370060,0811 QPCR assay for larval crab quantification and identification,—,[object Object],16
369534,0812 Reproductive indices of male snow crabs,—,[object Object],15
371459,0813 Snow Crab Management Strategy Evaluation,—,[object Object],250366
371316,0814 Tanner crab recruitment processes,—,[object Object],2414
371589,0815 Cod spawning migration and distribution in the Bering Sea,—,[object Object],1
369545,0816 Sources and dispersal histories of EBS Pacific cod recruits,—,[object Object],15
369578,0817 Examining Pacific cod population structure with landscape genetics,—,[object Object],11
370554,0818 Walrus Foraging Response to a Changing Chukchi Sea,—,[object Object],18
369593,0819 Overwinter Condition of Marbled Murrelet a Declining Seabird,—,[object Object],13
371810,0820 Habitat Use by Spectacled Eiders in the Bering Sea,—,[object Object],49
369977,0821 Domoic Acid in Mussels,—,[object Object],15
369609,0822 Mercury levels in Norton Sound murre and gull eggs,—,[object Object],33
369647,0823 Cultural Models of Copper River Salmon Biology,—,[object Object],11
369693,0825 Assessment of BBRKC for Future Mgmt – Implementation,—,[object Object],8
369712,0826 A cooperative approach to whale bycatch reduction in Alaska,—,[object Object],9
370091,0827 Array-based Ambient Noise monitoring,—,[object Object],7942
368335,0828 Synthesis of in-situ and Satellite Measurements in the Aleutian Passes,—,[object Object],111
370407,0829 Aleutian Extreme Event Detection ,—,[object Object],11
369999,0901 Alaska Marine Information System,—,[object Object],1
369994,0902 PICES Report,—,[object Object],1
369726,0903 CPR,—,[object Object],17
365971,0904 Estimating freshwater fluxes into the Gulf of Alaska,—,[object Object],1264
370475,0905 Habitat utilization between canyon and slope during ontogeny,—,[object Object],787
370506,0906 Octopus Field Studies,—,[object Object],8
369731,0907 Maturity of Aleutian Islands rockfish ,—,[object Object],17
371924,0908 Fine-scale genetic structure of NE GOA POP,—,[object Object],7
366028,0909 Cooperative & Noncooperative Management of Straddling Stocks,—,[object Object],—
369745,0910 Photo-id of Cook Inlet Beluga Whales,—,[object Object],10
371790,0911 Winter Ecology of Bering Sea Seabirds,—,[object Object],537
370452,0912 Studying diets in threatened eiders,—,[object Object],4
369766,0913 Induction of Hematodinium in Tanner crabs,—,[object Object],9
370434,0914 Trichinellosis in marine mammals and its transmission to man,—,[object Object],4
371438,0915 Disease severity in Chinook salmon during marine migration,—,[object Object],8
369779,0916 Lake Iliamna Freshwater Seal Study,—,[object Object],7
369802,0917 Reducing bycatch mortality in commercial crab fisheries ,—,[object Object],13
367950,0918 Sperm whale depredation,—,[object Object],1877
368004,0920 Shoreline Change on Sagavanirktok Delta,—,[object Object],245
369829,"0921 Coastal Erosion/Accretion Processes in Hooper Bay, Alaska",—,[object Object],21
371708,0922 ELCMP,—,[object Object],10
369843,0923 Ecological impacts of the 2008 Kasatochi eruption.,—,[object Object],32
369871,0924 Molecular identification of larvae and diet,—,[object Object],5
369887,0925 Improved Alaskan Shellfish Safety,—,[object Object],13
371696,0926 Using flow cytometry to assess the condition of fish larvae,—,[object Object],9
367964,0927 Integrating In Situ Biochemical Sampling on a Glider,—,[object Object],21
369900,0928 Tracking tagged fish with an autonomous underwater vehicle,—,[object Object],11
371344,0929 WEBSEC-72 zooplankton,—,[object Object],8
371964,1001 CPR,—,[object Object],6
367659,1002,—,[object Object],1
370355,1003 Bowhead Whale Stable Isotopes For Tracking Arctic Food Web Changes,—,[object Object],7
370244,1004 Moored Observations of Ocean Acidification in the Gulf of Alaska,—,[object Object],4
370381,1005 Octopus tagging studies,—,[object Object],8
371406,1006 Age-0 pollock index,—,[object Object],6
371938,1007 Atka mackerel small-scale population abundance and movement,—,[object Object],23
281367,1008B Salmon bycatch in the BSAI pollock fisheries,—,[object Object],2
370038,1009 Chinook Survival,—,[object Object],4
372048,1010 Ocean acidification and reproduction of Tanner crabs,—,[object Object],83
370272,1011 Predation and survival of young Steller sea lions in the Gulf of Alaska,—,[object Object],18
372161,1012 SEAK sea otters and fisheries,—,[object Object],163
371551,1013 Ingalimuit Traditional KNowledge of Walrus in the Bering Strait,—,[object Object],1
371369,1014 Short-Tailed Albatross New Colony Establishment Phase 2,—,[object Object],87
371424,1015 Distribution and transmission of Ichthyophonus,—,[object Object],10
368355,1016 Marine macroinvertebrates of Alaska,—,[object Object],7
370162,1017 Alternative catch monitoring in Alaska,—,[object Object],4
365831,1018 Comparison of Red King Crab Biomass Estimates,—,[object Object],7
367977,1019 Assessment of Health Conditions of Subsistence Fish and Shellfish,—,[object Object],14
370183,1020 BeringWatch,—,[object Object],4
371394,1021 Tools for Detecting of PSP Causing Organisms,—,[object Object],8
367357,1022 Modeling Norther Fur Seal Vital Rates,—,[object Object],4
371836,1023 Burton Island zooplankton,—,[object Object],4
367933,1024 Climate forcing in Alaskan ecosystems: an indicator approach,—,[object Object],4
367921,1101 Relating deep ocean habitat conditions to faunal distribution,—,[object Object],6
371575,1102 Biophysical Moorings,—,[object Object],1
370570,1103 Crab Overfishing Limits,—,[object Object],7
370730,1104 Maturity of flatfishes in the eastern Bering Sea and Aleutian Islands,—,[object Object],4
370747,1105 Stable isotope age validation of Pacific cod,—,[object Object],5
366231,1106 Spiny dogfish age and growth,—,[object Object],10
371894,1107 Mapping Tanner crab habitat,—,[object Object],304082
366528,1108 Assessment of eastern Norton Sound red king crab.,—,[object Object],19
370420,1109 Development of Polymorphic EST Markers in Sebastes ,—,[object Object],4
372084,1110 Pink salmon response to climate change,—,[object Object],5
366169,1111 Over-winter Survival of Bristol Bay Sockeye Salmon at Sea,—,[object Object],—
372070,1112 Foraging energetics of northern fur seals in the Bering Sea,—,[object Object],115
371500,1113 Algal toxins and marine mammals,—,[object Object],7
281377,1114B Steller sea lion diet and population trend in the Aleutians,—,[object Object],8
370597,1115 Between Pacific Tides in Sitka,—,[object Object],7
370621,1116 Local and scientific understanding of Iliamna Lake seals,—,[object Object],4
371869,1117 Reducing mortality of Alaska crabs due to trawling,—,[object Object],917
372186,1118 Improved Saxitoxin Detection Kit ,—,[object Object],15
371967,1119 Development and testing of satellite-linked fluorometers,—,[object Object],43
371881,1120 Augmenting Steller Sea Lion Surveys in the Western Aleutians With Unmanned Aircraft,—,[object Object],9845
370107,1121 Improving radar technology to survey non-colonial seabirds,—,[object Object],14
372115,1122 Development of a fish health and composition analyzer,—,[object Object],6
371845,1124 Data rescue through a citizen-science initiative,—,[object Object],1
370260,1125 Arctic cod population genetics and stock structure.,—,[object Object],4
281387,1201 Ice mobility and shelf basin exchange in the Beaufort Sea,—,[object Object],298
281397,1202 Skate 14C age validation,—,[object Object],8
281406,1203 Octopus discard mortality,—,[object Object],2
281415,1204 Seasonal habitat use and productivity of rockfish in the GOA,—,[object Object],9
281424,1205 Settlement size and nursery habitats,—,[object Object],270186
281433,1206 Terrestrial influence on glacial-marine food webs,—,[object Object],3
371623,1207 Habitat characterization of Pacific Sand Lance,—,[object Object],30
281442,1208 Developing a euphausiid time series for the central Gulf of Alaska,—,[object Object],3
370687,1209 North Pacific sperm whale catches,—,[object Object],204
367334,"1210 Photo-Id of Cook Inlet Beluga Whales, 2009-2011",—,[object Object],4
281451,1211 Historic carbon and nitrogen isotope record of Pacific walrus,—,[object Object],3
372337,1213 Seabirds as indicators ,—,[object Object],1
367209,1214 Empirical measures for Alaskan fishing communities,—,[object Object],7
371772,1215 Evaluation of the Abraxis Saxitoxin ELISA,—,[object Object],13
370663,1216 Seabird Youth Network (SYSN),—,[object Object],5
367906,1217 Countermeasures to reduce whale depredation in Alaskan longline fisheries,—,[object Object],3949
370146,1218 Arctic vertical array acoustic tracking,—,[object Object],275
281469,1219 Alaskan rockfish SNPs,—,[object Object],5
372236,1220 Mitochondrial DNA barcodes to identify marine fishes and invertebrates,—,[object Object],9
365945,1221 Red King Crab Age Assessment,—,[object Object],2
298403,1222 Technology development- Improving phytoplankton assessment,—,[object Object],1
365920,1223 Stable Isotope Analysis of Herring Scales,—,[object Object],52
371735,1224 Alternative methods for satellite tagging beluga whales,—,[object Object],8
366193,1225 Alaska region bathymetric digital elevation model,—,[object Object],700
281478,1227 Benthic lower trophic level food webs in the Chukchi and Beaufort Seas,—,[object Object],4
281487,1228 Climate change impacts on Arctic cod vital rates,—,[object Object],6
281496,1229 Importance of coastal Arctic ecosystems,—,[object Object],943
281505,1301 Cross-isobath exchange in Bering Canyon,—,[object Object],20
281533,1304 Age- and length-structured assessment,—,[object Object],15
281569,1308 Early marine ecology of juvenile chinook salmon,—,[object Object],9
281578,"1309 Fishery, Climate, and Ecological Effects on Pacific Halibut Size-at-age",—,[object Object],22
368177,1311 Coxiella burnetii in northern sea otters of Alaska,—,[object Object],7
281596,1312 Assessment of a genetics mark-recapture for pacific walruses,—,[object Object],2
371470,1313 Coxiella and Brucella in Northern Fur Seals,—,[object Object],14
281605,1314 Polar bears as sentinels for Arctic zoonoses,—,[object Object],4
281614,1315 Bioeffects assessment in Bristol Bay,—,[object Object],2
366084,1316 Sea Ice in Barrow Project Jukebox ,—,[object Object],8
281623,1317 BeringWatch: King CV Fishermen sentinels,—,[object Object],2
281632,1319 Benthic impacts of raised groundgear for the Bering sea pollock,—,[object Object],1867
281650,"1321 Blue king crab, habitat, and the ecosystem",—,[object Object],361
281723,1406 Physiological capacity of belugas to alter foraging behavior,—,[object Object],8
281732,1407 Fecal hormones in otariids,—,[object Object],1
281813,1416 Estimating calling depths of bowhead and right whales,—,[object Object],8
366590,BSIERP BEST-BSIERP,—,[object Object],—
2575507,0100 test,—,—,1
2575667,NPRB metadata template- folder,—,—,—
2576663,Metadata templates,—,—,2
2577287,1701 Mixotrophy in the coastal Gulf of Alaska,—,[object Object],22
2577303,1702 Data and information in salmon stock-recruitment analysis,—,[object Object],9
2577320,1703 Juvenile sablefish condition and growth,—,[object Object],5
2577337,1704 Somatic growth regulation in the Pacific halibut,—,[object Object],9
2577354,1705 Tanner crab response to temperature change and Hematodinium,—,[object Object],29
2577371,1706 Spatio-temporal variation in forage fish body condition,—,[object Object],3
2577389,1707 Spawning capelin in Norton Sound,—,[object Object],17
2577407,1708 Reproductive maturation of Pacific herring,—,[object Object],9
2577424,1709 Physiological ecology of Neocalanus flemingeri,—,[object Object],6
2577440,1710 State-space model of factors affecting coho survival and abundance,—,[object Object],3
2577456,1711 Pacific sleeper shark bioenergetics,—,[object Object],14
2577475,1712 Oil spills and Pacific herring population recruitment,—,[object Object],15
2577493,1713 Genetics of mating dynamics in EBS snow crab,—,[object Object],39
2577511,1714 Population genetic structure of Northern Fulmar bycatch,—,[object Object],12
2577529,1715 Diet and reproductive rates in variable populations of two otariids,—,[object Object],9
2577550,1716 The relationship between polar bear stress hormones and sea ice change,—,[object Object],3
2577572,1717 Reliable Areas of Uncertainty for Vocalizing Marine Mammals,—,[object Object],18
2577588,1718 Cook Inlet Beluga Whale Reproductive Rates,—,[object Object],6
2577604,1719 Policy Choices and Permit Migration in an LEP Fishery,—,[object Object],2
2577622,1720 Connecting Fishery Policies to Fishing Portfolios,—,[object Object],20
2577642,1721 Effective Co-management of Marine Mammals in Alaska,—,[object Object],9
2577660,1722 COASST Citizen Science,—,[object Object],5
2577681,1723 Epigenetic aging of Cook Inlet beluga whales,—,[object Object],5
2577697,1724 A sex identification assay for Chinook salmon,—,[object Object],2
2577716,1725 Improving satellite collars,—,[object Object],3
2577737,1726 Whaling data rescue,—,[object Object],3
2577754,1727 Archiving seabird specimens from the Selendang Ayu oil spill.,—,[object Object],6
2577771,"1728 Data Rescue: NODC Files of Benthic Infauna, 1971-1980",—,[object Object],124
2986719,1801 PSP Toxins in the Alaska Marine Food Web,—,[object Object],44
2986738,1802 Hot spots of activity in the cold ocean,—,[object Object],6
2986756,1803 Hormone profiles for yelloweye rockfish,—,[object Object],8
2986777,1804 Survey design for untrawlable habitat in the Gulf of Alaska,—,[object Object],5
2986796,1805 Spatio-temporal model for estimating groundfish availability,—,[object Object],11
2986816,1806  Pcod IBM Validation and Enhancement,—,[object Object],98
2986840,1807 Ichthyophonus in Pacific Herring,—,[object Object],13
2986858,1808 Identifying distinct herring stocks via genetic sequencing,—,[object Object],9
2986876,1809 Integrated abundance and movement models for marine mammals,—,[object Object],10
2986894,1810 Identifying Ambiguous Bering Sea calls,—,[object Object],7
2986915,1811 Establishing baseline ringed seal sea ice breeding habitat,—,[object Object],17
2986933,1812 Resolving the annual pelagic distribution of Tufted Puffins,—,[object Object],3304
2986951,1813 Distribution and abundance of Chukchi Sea polar bears and seals,—,[object Object],10
2986974,1814 Impact of lagoon habitat change on Steller's eiders,—,[object Object],15
2986995,1815 Bayesian Integration of LTK and Western Science,—,[object Object],21
2987016,1816 Cooperative pilot study for Pacific cod tagging in the Aleutians,—,[object Object],717
2987035,1817 A new technique to measure body condition in Steller sea lions,—,[object Object],3
2987052,1818 Using UAS to survey seabirds: a validation study,—,[object Object],4867
2987070,1819 Ageing fish otoliths with NIRS,—,[object Object],14
2987089,1820 Data Rescue: Digitizing and Disseminating Historical Board of Fisheries Documents and Commercial Fisheries News Releases.,—,[object Object],11
2987110,1821 Mercury bioaccumulation in southeastern Bering Sea,—,[object Object],13
5199930,1901 Accounting for life-history shifts in fishery management,—,[object Object],8
5199949,1902 Body size and spawning abundance of Sockeye Salmon,—,[object Object],182
5199967,1903 Thermal effects on Gulf of Alaska Pacific cod,—,[object Object],24
5199987,1904 Shell Arctic Acoustic Data Rescue,—,[object Object],8
5200005,1905 Seal habitat,—,[object Object],7
5200318,Reports Test Project,—,—,1
5216395,Reports Test Project,—,—,—
5343706,1906 Improved Freshwater Runoff Products for Alaskan Waters,—,[object Object],2
5343725,1907 Tracing the fate of phytoplankton-derived carbon in Chukchi shelf sediments,—,[object Object],3
5343742,1908 A novel approach to track mercury through marine food-webs,—,[object Object],4
5343762,1909 Phenology and geography of marine fish,—,[object Object],9
5343783,1910 Salmon winter ecology,—,[object Object],9
5343805,1911 Variation in body condition of Bering Sea snow crab,—,[object Object],30
5343824,1912 Predicting Arctic benthic habitat suitability,—,[object Object],10
5343843,1913 Sea otter and walrus specimen archival at the UA Museum,—,[object Object],3
5343864,1914 Monitoring export fluxes in the St. Lawrence Island Polynya region,—,[object Object],8
6467293,2001 High-resolution primary productivity in the Gulf of Alaska ,—,[object Object],14
6467310,2002 Growth resiliency to starvation in larval Sablefish,—,[object Object],8
6467331,2003 Pacific cod spawning habitat in a changing Bering Sea,—,[object Object],38
6467353,2004 Supplemental funding: Pacific sleeper sharks,—,[object Object],11
6467372,"2005 They told us there'd come a time.... Conserving Fish, Preserving Tradition on the Yukon River",—,[object Object],16
6467389,2006 Evaluating GOA ecosystem drivers using the Atlantis model,—,[object Object],12
6467414,2007 Seabird diet changes over 4000 years,—,[object Object],—
6634176,"2101 Northern Merperson Migrations, 2009-2010",—,[object Object],1
7791998,2008 Long-term decline in copepod size in Alaska’s large marine ecosystems,—,[object Object],4
7792017,2009 Pacific halibut recreational DMRs,—,[object Object],4
7792036,2010 Pacific sleeper shark movement ecology,—,[object Object],9
7792056,2011 Age estimation for Steller sea lions using DNA methylation,—,[object Object],2
7792076,2012 Assessing long-term cryopelagic change with a marine bird,—,[object Object],3
7792098,2013 Fishery adaptive capacity ,—,[object Object],14
7792119,2014 Well-Being and Rural Fishing Livelihoods,—,[object Object],5
24244016,2001 High-resolution primary productivity in the Gulf of Alaska ,—,—,—
24244033,2002 Growth resiliency to starvation in larval Sablefish,—,—,—
24244054,2003 Pacific cod spawning habitat in a changing Bering Sea,—,—,—
24244076,2004 Supplemental funding: Pacific sleeper sharks,—,—,—
24244095,"2005 They told us there'd come a time.... Conserving Fish, Preserving Tradition on the Yukon River",—,—,—
24244112,2006 Evaluating GOA ecosystem drivers using the Atlantis model,—,—,—
24244137,2007 Seabird diet changes over 4000 years,—,—,—
24244158,2008 Long-term decline in copepod size in Alaska’s large marine ecosystems,—,—,—
24244177,2009 Pacific halibut recreational DMRs,—,—,—
24244196,2010 Pacific sleeper shark movement ecology,—,—,—
24244216,2011 Age estimation for Steller sea lions using DNA methylation,—,—,—
24244236,2012 Assessing long-term cryopelagic change with a marine bird,—,—,—
24244258,2013 Fishery adaptive capacity ,—,—,—
24244279,2014 Well-Being and Rural Fishing Livelihoods,—,—,—
24246340,2101 Volcanic ash and phytoplankton in the subarctic NE Pacific,—,—,—
24246361,2102 Gulf of Alaska deep-sea zooplankton,—,—,—
24246379,2103 Arctic cod passive acoustic monitoring,—,—,—
24246399,2104 Epidemiology and pathology of black eye syndrome ,—,—,—
24246420,2105 Seabirds: Synthesis of change,—,—,—
24246443,2106 Spotted seal in Karaginsky Gulf,—,—,—
24246462,2107 Hearing damage in bowhead whales,—,—,—
24246480,2101 Volcanic ash and phytoplankton in the subarctic NE Pacific,—,—,—
24246501,2102 Gulf of Alaska deep-sea zooplankton,—,—,—
24246519,2103 Arctic cod passive acoustic monitoring,—,—,—
24246539,2104 Epidemiology and pathology of black eye syndrome ,—,—,—
24246560,2105 Seabirds: Synthesis of change,—,—,—
24246583,2106 Spotted seal in Karaginsky Gulf,—,—,—
24246602,2107 Hearing damage in bowhead whales,—,—,—
24249785,2101 Volcanic ash and phytoplankton in the subarctic NE Pacific,—,[object Object],—
24249806,2102 Gulf of Alaska deep-sea zooplankton,—,[object Object],7
24249824,2103 Arctic cod passive acoustic monitoring,—,[object Object],78057
24249844,2104 Epidemiology and pathology of black eye syndrome ,—,[object Object],4
24249865,2105 Seabirds: Synthesis of change,—,[object Object],28
24249888,2106 Spotted seal in Karaginsky Gulf,—,[object Object],5
24249907,2107 Hearing damage in bowhead whales,—,[object Object],4
369082,0707 Alaskan Ferry Oceanographic Monitoring,—,[object Object],39
41525553,2114 Health assessment of southeast Alaska humpback whales,—,[object Object],3
41531037,2117: Acoustic measurement of bowhead whale migration speed,—,[object Object],7
41531420,2101 Volcanic ash and phytoplankton in the subarctic NE Pacific,—,—,—
41531441,2102 Gulf of Alaska deep-sea zooplankton,—,—,—
41531459,2103 Arctic cod passive acoustic monitoring,—,—,—
41531479,2104 Epidemiology and pathology of black eye syndrome ,—,—,—
41531500,2105 Seabirds: Synthesis of change,—,—,—
41531523,2106 Spotted seal in Karaginsky Gulf,—,—,—
41531542,2107 Hearing damage in bowhead whales,—,—,—
41531560,2108 Smallest phytoplankton in the NGA,—,[object Object],—
41531577,2109 Marine heat and acidification events in the Gulf of Alaska,—,[object Object],3
41531599,2110 Pacific halibut Population Genomics,—,—,—
41531619,2111 Reproduction of Alaska Corals,—,[object Object],—
41531637,2112 Genomic resources for Alaska rockfish sustainability and management,—,[object Object],2
41531658,2113 Satellite tracking bowhead whales in the 2020s,—,[object Object],33
41531681,2114 Health assessment of Southeast Alaska Humpback whales,—,—,—
41531702,"2115 Diverse knowledge systems for the examination of localized dynamics of sea otters and abalone populations in Sitka Sound, Alaska",—,[object Object],8
41531721,2116 Sharing and resilience in Bering Sea and Arctic ecosystems,—,[object Object],—
41531739,2117 Acoustic Measurement of Bowhead Whale Migration Speed,—,[object Object],—
41531757,2118 Oceanographic influences on the habitat use of ice seals,—,[object Object],9
41534488,2110 Pacific halibut population genetics,—,[object Object],10
41709430,2201 Shifting patterns in phytoplankton blooms,—,[object Object],3
41709448,2202 Bering Sea Inner Shelf:  Improving system understanding,—,[object Object],—
41709468,2203 Automation of Sockeye Salmon Scale Age Estimation,—,[object Object],3
41709487,2204 Pacific Cod response to warming: looking back to see forward,—,[object Object],3
41709505,2205 Mapping Common Eider Use for Informing NEPA,—,[object Object],4
41709525,2206 BRIDGING KNOWLEDGE TO INFORM BERING SEA MANAGEMENT (BKIBS),—,[object Object],1
41709552,2207 Engaging Yukon Fishers in Research on Chinook Salmon Decline,—,[object Object],3
41802756,h3 playground,—,—,1
41859249,2209 Development and application of the beluga skin transcriptome,—,[object Object],1
41859642,2213 Combining the eastern Bering Sea shelf and slope surveys,—,[object Object],2
41859664,2210 Yukon River and Norton Sound Chum salmon Marine Ecology,—,[object Object],6
41859688,2211 Climate Drivers of Yukon River Chinook Productivity,—,—,—
41861041,2211 Climate drivers of Yukon River chinkook productivity,—,[object Object],1
41874517,2212 Adaptation of thermal tolerance in an invasive tunicate,—,[object Object],35
41901859,2208 Alaskan pinniped diving constraints and adaptive capacity,—,[object Object],3
42163826,2214: Pinto abalone mariculture potential,—,[object Object],97
42372274,2301: Ageing Pacific sleeper shark,—,[object Object],9
42372283,2302: Resource partitioning among north Pacific flatfishes,—,[object Object],—
42372296,2303: DNA diet validation trials with northern fur seals,—,[object Object],—
42372305,2304: Biochemical studies of individual bowhead whale baleen,—,[object Object],24
42372316,2305: Fatty acid dried spots and snow crab BES,—,[object Object],—
42728746,2306: Extending the North Pacific Continuous Plankton Recorder Survey Into the Western Arctic Ocean,—,—,1
42728765,2313: Trans-Pacific zooplankton and seabird surveys,—,—,—
42735714,2312 Seabird Use of Spatially-Predictable Tidal Rips,—,—,—
42735764,2309 Bristol Bay red king crab movement,—,—,—
42735781,2308 Bristol Bay red king crab settlement potential,—,—,—
42773796,2311 Age validation of Gulf of Alaska groundfishes,—,—,—
42773812,2314 Accelerometry and stable isoptopes of northern fur seal pups,—,—,—
42827359,2307 Decadal study on ecological dynamics of Pacific salmon,—,—,—
